<edmx:Edmx
    xmlns:edmx="http://schemas.microsoft.com/ado/2007/06/edmx" Version="1.0">
    <edmx:DataServices
        xmlns:m="http://schemas.microsoft.com/ado/2007/08/dataservices/metadata" m:DataServiceVersion="2.0" m:MaxDataServiceVersion="2.0">
        <Schema
            xmlns="http://schemas.microsoft.com/ado/2007/05/edm" Namespace="ODataDemo">
            <EntityType Name="Product">
                <Key>
                    <PropertyRef Name="ID"/>
                </Key>
                <Property Name="ID" Type="Edm.Int32" Nullable="false"/>
                <Property Name="Name" Type="Edm.String" m:FC_TargetPath="SyndicationTitle" m:FC_ContentKind="text" m:FC_KeepInContent="false"/>
                <Property Name="Description" Type="Edm.String" m:FC_TargetPath="SyndicationSummary" m:FC_ContentKind="text" m:FC_KeepInContent="false"/>
                <Property Name="ReleaseDate" Type="Edm.DateTime" Nullable="false"/>
                <Property Name="DiscontinuedDate" Type="Edm.DateTime"/>
                <Property Name="Rating" Type="Edm.Int32" Nullable="false"/>
                <Property Name="Price" Type="Edm.Decimal" Nullable="false"/>
                <NavigationProperty Name="Category" Relationship="ODataDemo.Product_Category_Category_Products" ToRole="Category_Products" FromRole="Product_Category"/>
                <NavigationProperty Name="Supplier" Relationship="ODataDemo.Product_Supplier_Supplier_Products" ToRole="Supplier_Products" FromRole="Product_Supplier"/>
            </EntityType>
            <EntityType Name="Category">
                <Key>
                    <PropertyRef Name="ID"/>
                </Key>
                <Property Name="ID" Type="Edm.Int32" Nullable="false"/>
                <Property Name="Name" Type="Edm.String" m:FC_TargetPath="SyndicationTitle" m:FC_ContentKind="text" m:FC_KeepInContent="true"/>
                <NavigationProperty Name="Products" Relationship="ODataDemo.Product_Category_Category_Products" ToRole="Product_Category" FromRole="Category_Products"/>
            </EntityType>
            <EntityType Name="Supplier">
                <Key>
                    <PropertyRef Name="ID"/>
                </Key>
                <Property Name="ID" Type="Edm.Int32" Nullable="false"/>
                <Property Name="Name" Type="Edm.String" m:FC_TargetPath="SyndicationTitle" m:FC_ContentKind="text" m:FC_KeepInContent="true"/>
                <Property Name="Address" Type="ODataDemo.Address" Nullable="false"/>
                <Property Name="Concurrency" Type="Edm.Int32" ConcurrencyMode="Fixed" Nullable="false"/>
                <NavigationProperty Name="Products" Relationship="ODataDemo.Product_Supplier_Supplier_Products" ToRole="Product_Supplier" FromRole="Supplier_Products"/>
            </EntityType>
            <ComplexType Name="Address">
                <Property Name="Street" Type="Edm.String"/>
                <Property Name="City" Type="Edm.String"/>
                <Property Name="State" Type="Edm.String"/>
                <Property Name="ZipCode" Type="Edm.String"/>
                <Property Name="Country" Type="Edm.String"/>
            </ComplexType>
            <Association Name="Product_Category_Category_Products">
                <End Type="ODataDemo.Category" Role="Category_Products" Multiplicity="0..1"/>
                <End Type="ODataDemo.Product" Role="Product_Category" Multiplicity="*"/>
            </Association>
            <Association Name="Product_Supplier_Supplier_Products">
                <End Type="ODataDemo.Supplier" Role="Supplier_Products" Multiplicity="0..1"/>
                <End Type="ODataDemo.Product" Role="Product_Supplier" Multiplicity="*"/>
            </Association>
            <EntityContainer Name="DemoService" m:IsDefaultEntityContainer="true">
                <EntitySet Name="Products" EntityType="ODataDemo.Product"/>
                <EntitySet Name="Categories" EntityType="ODataDemo.Category"/>
                <EntitySet Name="Suppliers" EntityType="ODataDemo.Supplier"/>
                <FunctionImport Name="GetProductsByRating" ReturnType="Collection(ODataDemo.Product)" EntitySet="Products" m:HttpMethod="GET">
                    <Parameter Name="rating" Type="Edm.Int32"/>
                </FunctionImport>
                <AssociationSet Name="Products_Category_Categories" Association="ODataDemo.Product_Category_Category_Products">
                    <End Role="Product_Category" EntitySet="Products"/>
                    <End Role="Category_Products" EntitySet="Categories"/>
                </AssociationSet>
                <AssociationSet Name="Products_Supplier_Suppliers" Association="ODataDemo.Product_Supplier_Supplier_Products">
                    <End Role="Product_Supplier" EntitySet="Products"/>
                    <End Role="Supplier_Products" EntitySet="Suppliers"/>
                </AssociationSet>
            </EntityContainer>
        </Schema>
    </edmx:DataServices>
</edmx:Edmx>