<edmx:Edmx
    xmlns:edmx="http://schemas.microsoft.com/ado/2007/06/edmx"
    xmlns:m="http://schemas.microsoft.com/ado/2007/08/dataservices/metadata"
    xmlns:sap="http://www.sap.com/Protocols/SAPData" Version="1.0">
    <edmx:DataServices m:DataServiceVersion="2.0">
        <Schema
            xmlns="http://schemas.microsoft.com/ado/2008/09/edm" Namespace="ZEMPLOYEE_DATA01_SRV" xml:lang="en" sap:schema-version="1">
            <Annotation
                xmlns="http://docs.oasis-open.org/odata/ns/edm" Term="Core.SchemaVersion" String="1.0.0"/>
                <EntityType Name="employee" sap:content-version="1">
                    <Key>
                        <PropertyRef Name="Emp_Id"/>
                    </Key>
                    <Property Name="Emp_Id" Type="Edm.String" Nullable="false" MaxLength="7" sap:unicode="false" sap:label="employee id"/>
                    <Property Name="CompanyCode" Type="Edm.Int16" Nullable="false" sap:unicode="false" sap:label="Company Code" sap:creatable="false" sap:updatable="false"/>
                    <Property Name="Emp_Name" Type="Edm.String" Nullable="false" MaxLength="30" sap:unicode="false" sap:label="employee name"/>
                    <Property Name="Emp_Dept" Type="Edm.String" Nullable="false" MaxLength="15" sap:unicode="false" sap:label="employee department"/>
                    <Property Name="Emp_Mail" Type="Edm.String" Nullable="false" MaxLength="40" sap:unicode="false" sap:label="employee email"/>
                    <Property Name="Emp_PhnNo" Type="Edm.String" Nullable="false" MaxLength="10" sap:unicode="false" sap:label="phone number"/>
                    <Property Name="Emp_Loc" Type="Edm.String" Nullable="false" MaxLength="10" sap:unicode="false" sap:label="employee address"/>
                    <Property Name="Emply_JDate" Type="Edm.DateTime" Nullable="false" Precision="8" sap:unicode="false" sap:label="emply joining date"/>
                    <Property Name="CreatedDate" Type="Edm.DateTime" Precision="8" sap:unicode="false" sap:label="created date"/>
                    <Property Name="CreatedTime" Type="Edm.Time" Precision="6" sap:unicode="false" sap:label="created time" sap:filterable="false"/>
                    <Property Name="Created_by" Type="Edm.String" Nullable="false" MaxLength="12" sap:unicode="false" sap:label="Created User" sap:creatable="false" sap:updatable="false"/>
                    <Property Name="Status" Type="Edm.String" MaxLength="1" sap:unicode="false" sap:label="Status"/>
                    <NavigationProperty Name="to_cc" Relationship="ZEMPLOYEE_DATA01_SRV.ASS_EMPTOCC" FromRole="FromRole_ASS_EMPTOCC" ToRole="ToRole_ASS_EMPTOCC"/>
                </EntityType>
                <EntityType Name="Company" sap:content-version="1">
                    <Key>
                        <PropertyRef Name="Emp_Id"/>
                    </Key>
                    <Property Name="Emp_Id" Type="Edm.String" Nullable="false" MaxLength="7" sap:unicode="false" sap:label="employee id" sap:creatable="false" sap:updatable="false" sap:sortable="false" sap:filterable="false"/>
                    <Property Name="CompanyCode" Type="Edm.String" Nullable="false" MaxLength="4" sap:unicode="false" sap:label="Company Code" sap:creatable="false" sap:updatable="false" sap:sortable="false" sap:filterable="false"/>
                    <Property Name="CompanyName" Type="Edm.String" Nullable="false" MaxLength="100" sap:unicode="false" sap:label="Company Name" sap:creatable="false" sap:updatable="false" sap:sortable="false" sap:filterable="false"/>
                    <Property Name="CompanyLoc" Type="Edm.String" Nullable="false" MaxLength="40" sap:unicode="false" sap:label="Company Location" sap:creatable="false" sap:updatable="false" sap:sortable="false" sap:filterable="false"/>
                    <Property Name="ContactNo" Type="Edm.String" Nullable="false" MaxLength="10" sap:unicode="false" sap:label="Phone Number" sap:creatable="false" sap:updatable="false" sap:sortable="false" sap:filterable="false"/>
                    <Property Name="CompanyMail" Type="Edm.String" Nullable="false" MaxLength="241" sap:unicode="false" sap:label="E-Mail" sap:creatable="false" sap:updatable="false" sap:sortable="false" sap:filterable="false"/>
                    <Property Name="CompanyUrl" Type="Edm.String" Nullable="false" MaxLength="255" sap:unicode="false" sap:label="Company URL" sap:creatable="false" sap:updatable="false" sap:sortable="false" sap:filterable="false"/>
                </EntityType>
                <Association Name="ASS_EMPTOCC" sap:content-version="1">
                    <End Type="ZEMPLOYEE_DATA01_SRV.employee" Multiplicity="1" Role="FromRole_ASS_EMPTOCC"/>
                    <End Type="ZEMPLOYEE_DATA01_SRV.Company" Multiplicity="*" Role="ToRole_ASS_EMPTOCC"/>
                    <ReferentialConstraint>
                        <Principal Role="FromRole_ASS_EMPTOCC">
                            <PropertyRef Name="Emp_Id"/>
                        </Principal>
                        <Dependent Role="ToRole_ASS_EMPTOCC">
                            <PropertyRef Name="Emp_Id"/>
                        </Dependent>
                    </ReferentialConstraint>
                </Association>
                <EntityContainer Name="ZEMPLOYEE_DATA01_SRV_Entities" m:IsDefaultEntityContainer="true" sap:supported-formats="atom json xlsx">
                    <EntitySet Name="zemployeeSet" EntityType="ZEMPLOYEE_DATA01_SRV.employee" sap:searchable="true" sap:content-version="1"/>
                    <EntitySet Name="CompanySet" EntityType="ZEMPLOYEE_DATA01_SRV.Company" sap:creatable="false" sap:updatable="false" sap:deletable="false" sap:pageable="false" sap:addressable="false" sap:content-version="1"/>
                    <AssociationSet Name="ASS_EMPTOCCSet" Association="ZEMPLOYEE_DATA01_SRV.ASS_EMPTOCC" sap:creatable="false" sap:updatable="false" sap:deletable="false" sap:content-version="1">
                        <End EntitySet="zemployeeSet" Role="FromRole_ASS_EMPTOCC"/>
                        <End EntitySet="CompanySet" Role="ToRole_ASS_EMPTOCC"/>
                    </AssociationSet>
                </EntityContainer>
                <atom:link
                    xmlns:atom="http://www.w3.org/2005/Atom" rel="self" href="./sap/ZEMPLOYEE_DATA01_SRV/$metadata"/>
                    <atom:link
                        xmlns:atom="http://www.w3.org/2005/Atom" rel="latest-version" href="./sap/ZEMPLOYEE_DATA01_SRV/$metadata"/>
                    </Schema>
                </edmx:DataServices>
            </edmx:Edmx>