{
	
	"StatusText":[
		{
			"Key":"1",
			"text":"Approved"
		},
		
		{
		"Key":"2",
			"text":"In Progress"
		},
			{
		"Key":"3",
			"text":"Reject"
		}

		],
		"Department":[
			
				{
			"Key":1,
			"text":"IT"
		},
		
		{
		"Key":2,
			"text":"SALES"
		},
			{
		"Key":3,
			"text":"FINANCE"
		}
			
			
			
			
			
			
			
			],
			"LocationEntity":[
					{
			"Key":"11",
			"text":"HYDERABAD"
		},
		
		{
		"Key":"12",
			"text":"PUNE"
		},
			{
		"Key":"13",
			"text":"BANGLORE"
		},
					{
		"Key":"14",
			"text":"NAGPUR"
		},
			{
		"Key":"15",
			"text":"KOLKATA"
		}
				
				
				
				
				
				
				
				
				
				
				
				
				
				]
		
}